LocationAbbr,Data_Value_Alt,Cluster
AL,10.0,0
AL,54.0,0
AL,82.0,4
AL,115.0,4
AL,23.0,0
AL,28.0,0
AL,68.0,4
AL,85.0,4
AL,13.0,0
AL,13.0,0
AL,113.0,4
AL,15.0,0
AL,22.0,0
AL,32.0,0
AL,68.0,4
AL,37.0,0
AL,49.0,0
AL,50.0,0
AL,11.0,0
AL,17.0,0
AL,30.0,0
AL,133.0,4
AL,55.0,0
AL,56.0,0
AL,12.0,0
AL,19.0,0
AL,20.0,0
AL,31.0,0
AL,12.0,0
AL,19.0,0
AL,20.0,0
AL,62.0,0
AL,25.0,0
AL,90.0,4
AL,23.0,0
AL,31.0,0
AL,104.0,4
AL,121.0,4
AL,25.0,0
AL,10.0,0
AL,54.0,0
AL,82.0,4
AL,115.0,4
AL,23.0,0
AL,28.0,0
AL,68.0,4
AL,85.0,4
AL,13.0,0
AL,13.0,0
AL,113.0,4
AL,15.0,0
AL,22.0,0
AL,32.0,0
AL,68.0,4
AL,37.0,0
AL,49.0,0
AL,50.0,0
AL,11.0,0
AL,17.0,0
AL,30.0,0
AL,133.0,4
AL,55.0,0
AL,56.0,0
AL,10.0,0
AL,23.0,0
AL,17.0,0
AL,34.0,0
AL,17.0,0
AL,22.0,0
AL,34.0,0
AL,19.0,0
AL,31.0,0
AL,17.0,0
AL,12.0,0
AL,36.0,0
AL,100.0,4
AL,11.0,0
AL,33.0,0
AL,14.0,0
AL,42.0,0
AL,11.0,0
AL,104.0,4
AL,121.0,4
AL,25.0,0
AK,11.0,0
AK,11.0,0
AK,13.0,0
AK,11.0,0
AK,12.0,0
AK,11.0,0
AK,19.0,0
AK,12.0,0
AK,12.0,0
AK,14.0,0
AK,25.0,0
AK,41.0,0
AK,11.0,0
AK,11.0,0
AK,13.0,0
AK,11.0,0
AK,12.0,0
AK,11.0,0
AK,19.0,0
AK,12.0,0
AK,12.0,0
AK,14.0,0
AK,25.0,0
AK,41.0,0
AZ,10.0,0
AZ,36.0,0
AZ,38.0,0
AZ,12.0,0
AZ,120.0,4
AZ,125.0,4
AZ,130.0,4
AZ,24.0,0
AZ,114.0,4
AZ,21.0,0
AZ,36.0,0
AZ,77.0,4
AZ,84.0,4
AZ,19.0,0
AZ,30.0,0
AZ,14.0,0
AZ,15.0,0
AZ,26.0,0
AZ,47.0,0
AZ,82.0,4
AZ,15.0,0
AZ,70.0,4
AZ,73.0,4
AZ,80.0,4
AZ,81.0,4
AZ,22.0,0
AZ,24.0,0
AZ,45.0,0
AZ,41.0,0
AZ,47.0,0
AZ,93.0,4
AZ,185.0,4
AZ,207.0,2
AZ,369.0,2
AZ,12.0,0
AZ,21.0,0
AZ,11.0,0
AZ,30.0,0
AZ,14.0,0
AZ,28.0,0
AZ,47.0,0
AZ,10.0,0
AZ,22.0,0
AZ,16.0,0
AZ,132.0,4
AZ,28.0,0
AZ,233.0,2
AZ,37.0,0
AZ,28.0,0
AZ,33.0,0
AZ,123.0,4
AZ,19.0,0
AZ,73.0,4
NH,10.0,0
AZ,10.0,0
AZ,36.0,0
AZ,38.0,0
AZ,12.0,0
AZ,120.0,4
AZ,125.0,4
AZ,130.0,4
AZ,24.0,0
AZ,114.0,4
AZ,21.0,0
AZ,36.0,0
AZ,77.0,4
AZ,84.0,4
AZ,19.0,0
AZ,30.0,0
AZ,14.0,0
AZ,15.0,0
AZ,26.0,0
AZ,47.0,0
AZ,82.0,4
AZ,15.0,0
AZ,70.0,4
AZ,73.0,4
AZ,80.0,4
AZ,81.0,4
AZ,22.0,0
AZ,24.0,0
AZ,45.0,0
AZ,41.0,0
AZ,47.0,0
AZ,93.0,4
AZ,185.0,4
AZ,207.0,2
AZ,369.0,2
AZ,12.0,0
AZ,17.0,0
AZ,38.0,0
AZ,19.0,0
AZ,53.0,0
AZ,11.0,0
AZ,29.0,0
AZ,30.0,0
AZ,51.0,0
AZ,17.0,0
AZ,35.0,0
AZ,16.0,0
AZ,29.0,0
AZ,16.0,0
AZ,76.0,4
AZ,12.0,0
AZ,250.0,2
AZ,48.0,0
AZ,13.0,0
AZ,49.0,0
AZ,11.0,0
AZ,123.0,4
AZ,19.0,0
AZ,73.0,4
AR,12.0,0
AR,28.0,0
AR,32.0,0
AR,41.0,0
AR,12.0,0
AR,19.0,0
AR,38.0,0
AR,41.0,0
AR,54.0,0
AR,11.0,0
AR,11.0,0
AR,30.0,0
AR,45.0,0
AR,25.0,0
AR,34.0,0
AR,35.0,0
AR,10.0,0
AR,16.0,0
AR,100.0,4
AR,42.0,0
AR,45.0,0
AR,14.0,0
AR,13.0,0
AR,21.0,0
AR,13.0,0
AR,21.0,0
AR,66.0,0
AR,104.0,4
AR,24.0,0
AR,15.0,0
AR,13.0,0
AR,11.0,0
AR,46.0,0
AR,60.0,0
AR,12.0,0
AR,28.0,0
AR,32.0,0
AR,41.0,0
AR,12.0,0
AR,19.0,0
AR,38.0,0
AR,41.0,0
AR,54.0,0
AR,11.0,0
AR,11.0,0
AR,30.0,0
AR,45.0,0
AR,25.0,0
AR,34.0,0
AR,35.0,0
AR,10.0,0
AR,16.0,0
AR,100.0,4
AR,42.0,0
AR,45.0,0
AR,14.0,0
AR,11.0,0
AR,23.0,0
AR,11.0,0
AR,14.0,0
AR,23.0,0
AR,13.0,0
AR,20.0,0
AR,11.0,0
AR,12.0,0
AR,38.0,0
AR,11.0,0
AR,112.0,4
AR,30.0,0
AR,27.0,0
AR,11.0,0
AR,46.0,0
AR,60.0,0
CA,119.0,4
CA,27.0,0
CA,99.0,4
CA,120.0,4
CA,21.0,0
CA,335.0,2
CA,386.0,2
CA,500.0,1
CA,126.0,4
CA,303.0,2
CA,305.0,2
CA,542.0,1
CA,92.0,4
CA,20.0,0
CA,28.0,0
CA,30.0,0
CA,34.0,0
CA,33.0,0
CA,52.0,0
CA,93.0,4
CA,11.0,0
CA,21.0,0
CA,40.0,0
CA,132.0,4
CA,227.0,2
CA,394.0,2
CA,52.0,0
CA,84.0,4
CA,220.0,2
CA,238.0,2
CA,247.0,2
CA,286.0,2
CA,42.0,0
CA,151.0,4
CA,72.0,4
CA,76.0,4
CA,18.0,0
CA,19.0,0
CA,38.0,0
CA,125.0,4
CA,233.0,2
CA,97.0,4
CA,11.0,0
CA,18.0,0
CA,1015.0,1
CA,1913.0,3
CA,780.0,1
CA,24.0,0
CA,42.0,0
CA,10.0,0
CA,112.0,4
CA,19.0,0
CA,55.0,0
CA,148.0,4
CA,15.0,0
CA,59.0,0
CA,24.0,0
CA,64.0,0
CA,10.0,0
CA,27.0,0
CA,16.0,0
CA,168.0,4
CA,301.0,2
CA,126.0,4
CA,61.0,0
CA,14.0,0
CA,43.0,0
CA,47.0,0
CA,14.0,0
CA,100.0,4
CA,139.0,4
CA,22.0,0
CA,630.0,1
CA,1178.0,3
CA,200.0,2
CA,48.0,0
CA,177.0,4
CA,22.0,0
CA,57.0,0
CA,13.0,0
CA,150.0,4
CA,286.0,2
CA,499.0,1
CA,60.0,0
CA,21.0,0
CA,10.0,0
CA,119.0,4
CA,27.0,0
CA,99.0,4
CA,120.0,4
CA,21.0,0
CA,335.0,2
CA,386.0,2
CA,500.0,1
CA,126.0,4
CA,303.0,2
CA,305.0,2
CA,542.0,1
CA,92.0,4
CA,20.0,0
CA,28.0,0
CA,30.0,0
CA,34.0,0
CA,33.0,0
CA,52.0,0
CA,93.0,4
CA,11.0,0
CA,21.0,0
CA,40.0,0
CA,132.0,4
CA,227.0,2
CA,394.0,2
CA,52.0,0
CA,84.0,4
CA,220.0,2
CA,238.0,2
CA,247.0,2
CA,286.0,2
CA,42.0,0
CA,151.0,4
CA,72.0,4
CA,76.0,4
CA,18.0,0
CA,19.0,0
CA,38.0,0
CA,125.0,4
CA,233.0,2
CA,97.0,4
CA,11.0,0
CA,18.0,0
CA,1015.0,1
CA,1913.0,3
CA,780.0,1
CA,24.0,0
CA,42.0,0
CA,10.0,0
CA,100.0,4
CA,203.0,2
CA,34.0,0
CA,105.0,4
CA,26.0,0
CA,262.0,2
CA,127.0,4
CA,46.0,0
CA,17.0,0
CA,45.0,0
CA,17.0,0
CA,183.0,4
CA,328.0,2
CA,13.0,0
CA,199.0,2
CA,96.0,4
CA,14.0,0
CA,43.0,0
CA,89.0,4
CA,14.0,0
CA,11.0,0
CA,179.0,4
CA,13.0,0
CA,360.0,2
CA,80.0,4
CA,1244.0,3
CA,260.0,2
CA,64.0,0
CA,311.0,2
CA,38.0,0
CA,99.0,4
CA,50.0,0
CA,286.0,2
CA,499.0,1
CA,60.0,0
CA,16.0,0
CA,39.0,0
CA,13.0,0
CA,16.0,0
CA,17.0,0
CO,13.0,0
CO,19.0,0
CO,21.0,0
CO,15.0,0
CO,67.0,0
CO,82.0,4
CO,14.0,0
CO,15.0,0
CO,42.0,0
CO,50.0,0
CO,78.0,4
CO,13.0,0
CO,25.0,0
CO,20.0,0
CO,27.0,0
CO,44.0,0
CO,18.0,0
CO,42.0,0
CO,73.0,4
CO,73.0,4
CO,79.0,4
CO,28.0,0
CO,48.0,0
CO,95.0,4
CO,20.0,0
CO,25.0,0
CO,54.0,0
CO,116.0,4
CO,143.0,4
CO,298.0,2
CO,14.0,0
CO,20.0,0
CO,20.0,0
CO,11.0,0
CO,21.0,0
CO,31.0,0
CO,16.0,0
CO,17.0,0
CO,18.0,0
CO,73.0,4
CO,113.0,4
CO,28.0,0
CO,26.0,0
CO,22.0,0
CO,14.0,0
CO,53.0,0
CO,70.0,4
CO,13.0,0
CO,19.0,0
CO,21.0,0
CO,15.0,0
CO,67.0,0
CO,82.0,4
CO,14.0,0
CO,15.0,0
CO,42.0,0
CO,50.0,0
CO,78.0,4
CO,13.0,0
CO,25.0,0
CO,20.0,0
CO,27.0,0
CO,44.0,0
CO,18.0,0
CO,42.0,0
CO,73.0,4
CO,73.0,4
CO,79.0,4
CO,28.0,0
CO,48.0,0
CO,95.0,4
CO,20.0,0
CO,25.0,0
CO,54.0,0
CO,116.0,4
CO,143.0,4
CO,298.0,2
CO,14.0,0
CO,15.0,0
CO,34.0,0
CO,14.0,0
CO,35.0,0
CO,22.0,0
CO,23.0,0
CO,34.0,0
CO,13.0,0
CO,25.0,0
CO,13.0,0
CO,30.0,0
CO,10.0,0
CO,41.0,0
CO,117.0,4
CO,36.0,0
CO,12.0,0
CO,44.0,0
CO,14.0,0
CO,53.0,0
CO,70.0,4
CT,14.0,0
CT,22.0,0
CT,82.0,4
CT,85.0,4
CT,99.0,4
CT,14.0,0
CT,26.0,0
CT,29.0,0
CT,13.0,0
CT,12.0,0
CT,21.0,0
CT,18.0,0
CT,22.0,0
CT,35.0,0
CT,14.0,0
CT,14.0,0
CT,16.0,0
CT,39.0,0
CT,102.0,4
CT,34.0,0
CT,47.0,0
CT,14.0,0
CT,14.0,0
CT,13.0,0
CT,24.0,0
CT,11.0,0
CT,16.0,0
CT,14.0,0
CT,70.0,4
CT,14.0,0
CT,79.0,4
CT,21.0,0
CT,11.0,0
CT,38.0,0
CT,54.0,0
CT,14.0,0
CT,22.0,0
CT,82.0,4
CT,85.0,4
CT,99.0,4
CT,14.0,0
CT,26.0,0
CT,29.0,0
CT,13.0,0
CT,12.0,0
CT,21.0,0
CT,18.0,0
CT,22.0,0
CT,35.0,0
CT,14.0,0
CT,14.0,0
CT,16.0,0
CT,39.0,0
CT,102.0,4
CT,34.0,0
CT,47.0,0
CT,11.0,0
CT,25.0,0
CT,26.0,0
CT,17.0,0
CT,15.0,0
CT,26.0,0
CT,17.0,0
CT,30.0,0
CT,39.0,0
CT,18.0,0
CT,78.0,4
CT,37.0,0
CT,38.0,0
CT,54.0,0
DE,24.0,0
DE,33.0,0
DE,34.0,0
DE,12.0,0
DE,14.0,0
DE,17.0,0
DE,14.0,0
DE,12.0,0
DE,15.0,0
DE,10.0,0
DE,20.0,0
DE,20.0,0
DE,19.0,0
DE,15.0,0
DE,20.0,0
DE,24.0,0
DE,33.0,0
DE,34.0,0
DE,12.0,0
DE,14.0,0
DE,17.0,0
DE,14.0,0
DE,12.0,0
DE,15.0,0
DE,10.0,0
DE,20.0,0
DE,11.0,0
DE,21.0,0
DE,12.0,0
DE,15.0,0
DE,20.0,0
DC,17.0,0
DC,38.0,0
DC,13.0,0
DC,36.0,0
DC,20.0,0
DC,16.0,0
DC,16.0,0
DC,42.0,0
DC,17.0,0
DC,38.0,0
DC,13.0,0
DC,36.0,0
DC,20.0,0
DC,18.0,0
DC,43.0,0
FL,12.0,0
FL,37.0,0
FL,51.0,0
FL,10.0,0
FL,329.0,2
FL,394.0,2
FL,447.0,2
FL,51.0,0
FL,106.0,4
FL,258.0,2
FL,263.0,2
FL,370.0,2
FL,63.0,0
FL,15.0,0
FL,21.0,0
FL,32.0,0
FL,37.0,0
FL,19.0,0
FL,47.0,0
FL,79.0,4
FL,15.0,0
FL,22.0,0
FL,135.0,4
FL,263.0,2
FL,41.0,0
FL,53.0,0
FL,87.0,4
FL,146.0,4
FL,174.0,4
FL,208.0,2
FL,237.0,2
FL,25.0,0
FL,100.0,4
FL,28.0,0
FL,56.0,0
FL,16.0,0
FL,17.0,0
FL,110.0,4
FL,280.0,2
FL,88.0,4
FL,10.0,0
FL,264.0,2
FL,490.0,1
FL,922.0,1
FL,20.0,0
FL,31.0,0
FL,11.0,0
FL,37.0,0
FL,82.0,4
FL,124.0,4
FL,45.0,0
FL,22.0,0
FL,56.0,0
FL,17.0,0
FL,32.0,0
FL,105.0,4
FL,197.0,2
FL,108.0,4
FL,62.0,0
FL,11.0,0
FL,37.0,0
FL,34.0,0
FL,57.0,0
FL,105.0,4
FL,17.0,0
FL,562.0,1
FL,145.0,4
FL,41.0,0
FL,652.0,1
FL,11.0,0
FL,123.0,4
FL,34.0,0
FL,14.0,0
FL,258.0,2
FL,297.0,2
FL,417.0,2
FL,66.0,0
FL,12.0,0
FL,12.0,0
FL,37.0,0
FL,51.0,0
FL,10.0,0
FL,329.0,2
FL,394.0,2
FL,447.0,2
FL,51.0,0
FL,106.0,4
FL,258.0,2
FL,263.0,2
FL,370.0,2
FL,63.0,0
FL,15.0,0
FL,21.0,0
FL,32.0,0
FL,37.0,0
FL,19.0,0
FL,47.0,0
FL,79.0,4
FL,15.0,0
FL,22.0,0
FL,135.0,4
FL,263.0,2
FL,41.0,0
FL,53.0,0
FL,87.0,4
FL,146.0,4
FL,174.0,4
FL,208.0,2
FL,237.0,2
FL,25.0,0
FL,100.0,4
FL,28.0,0
FL,56.0,0
FL,16.0,0
FL,17.0,0
FL,110.0,4
FL,280.0,2
FL,88.0,4
FL,10.0,0
FL,264.0,2
FL,490.0,1
FL,922.0,1
FL,20.0,0
FL,31.0,0
FL,144.0,4
FL,19.0,0
FL,64.0,0
FL,16.0,0
FL,210.0,2
FL,76.0,4
FL,106.0,4
FL,41.0,0
FL,28.0,0
FL,52.0,0
FL,113.0,4
FL,212.0,2
FL,165.0,4
FL,94.0,4
FL,11.0,0
FL,37.0,0
FL,60.0,0
FL,98.0,4
FL,325.0,2
FL,61.0,0
FL,185.0,4
FL,53.0,0
FL,693.0,1
FL,18.0,0
FL,209.0,2
FL,57.0,0
FL,86.0,4
FL,297.0,2
FL,417.0,2
FL,66.0,0
FL,15.0,0
FL,22.0,0
FL,11.0,0
FL,12.0,0
GA,17.0,0
GA,20.0,0
GA,110.0,4
GA,131.0,4
GA,23.0,0
GA,105.0,4
GA,169.0,4
GA,26.0,0
GA,39.0,0
GA,99.0,4
GA,11.0,0
GA,18.0,0
GA,28.0,0
GA,15.0,0
GA,21.0,0
GA,17.0,0
GA,171.0,4
GA,41.0,0
GA,45.0,0
GA,83.0,4
GA,16.0,0
GA,60.0,0
GA,88.0,4
GA,90.0,4
GA,92.0,4
GA,26.0,0
GA,36.0,0
GA,64.0,0
GA,26.0,0
GA,33.0,0
GA,77.0,4
GA,103.0,4
GA,254.0,2
GA,96.0,4
GA,10.0,0
GA,15.0,0
GA,27.0,0
GA,20.0,0
GA,37.0,0
GA,15.0,0
GA,38.0,0
GA,57.0,0
GA,23.0,0
GA,31.0,0
GA,10.0,0
GA,21.0,0
GA,106.0,4
GA,37.0,0
GA,251.0,2
GA,27.0,0
GA,92.0,4
GA,17.0,0
GA,46.0,0
GA,39.0,0
GA,140.0,4
GA,177.0,4
GA,31.0,0
GA,17.0,0
GA,20.0,0
GA,110.0,4
GA,131.0,4
GA,23.0,0
GA,105.0,4
GA,169.0,4
GA,26.0,0
GA,39.0,0
GA,99.0,4
GA,11.0,0
GA,18.0,0
GA,28.0,0
GA,15.0,0
GA,21.0,0
GA,17.0,0
GA,171.0,4
GA,41.0,0
GA,45.0,0
GA,83.0,4
GA,16.0,0
GA,60.0,0
GA,88.0,4
GA,90.0,4
GA,92.0,4
GA,26.0,0
GA,36.0,0
GA,64.0,0
GA,26.0,0
GA,33.0,0
GA,77.0,4
GA,103.0,4
GA,254.0,2
GA,96.0,4
GA,10.0,0
GA,10.0,0
GA,27.0,0
GA,49.0,0
GA,36.0,0
GA,66.0,0
GA,17.0,0
GA,30.0,0
GA,16.0,0
GA,42.0,0
GA,62.0,0
GA,36.0,0
GA,50.0,0
GA,19.0,0
GA,37.0,0
GA,21.0,0
GA,61.0,0
GA,119.0,4
GA,274.0,2
GA,36.0,0
GA,11.0,0
GA,30.0,0
GA,83.0,4
GA,13.0,0
GA,140.0,4
GA,177.0,4
GA,31.0,0
GA,12.0,0
HI,17.0,0
HI,24.0,0
HI,11.0,0
HI,17.0,0
HI,11.0,0
HI,12.0,0
HI,14.0,0
HI,10.0,0
HI,12.0,0
HI,13.0,0
HI,27.0,0
HI,18.0,0
HI,28.0,0
HI,37.0,0
HI,11.0,0
HI,14.0,0
HI,22.0,0
HI,17.0,0
HI,24.0,0
HI,11.0,0
HI,17.0,0
HI,11.0,0
HI,12.0,0
HI,14.0,0
HI,10.0,0
HI,12.0,0
HI,13.0,0
HI,27.0,0
HI,12.0,0
HI,20.0,0
HI,11.0,0
HI,16.0,0
HI,13.0,0
HI,40.0,0
HI,15.0,0
HI,14.0,0
HI,22.0,0
ID,17.0,0
ID,18.0,0
ID,21.0,0
ID,15.0,0
ID,20.0,0
ID,25.0,0
ID,17.0,0
ID,22.0,0
ID,23.0,0
ID,14.0,0
ID,10.0,0
ID,31.0,0
ID,40.0,0
ID,87.0,4
ID,13.0,0
ID,30.0,0
ID,32.0,0
ID,12.0,0
ID,22.0,0
NH,10.0,0
ID,17.0,0
ID,18.0,0
ID,21.0,0
ID,15.0,0
ID,20.0,0
ID,25.0,0
ID,17.0,0
ID,22.0,0
ID,23.0,0
ID,14.0,0
ID,10.0,0
ID,31.0,0
ID,40.0,0
ID,87.0,4
ID,10.0,0
ID,12.0,0
ID,14.0,0
ID,14.0,0
ID,18.0,0
ID,33.0,0
ID,14.0,0
ID,12.0,0
ID,22.0,0
IL,16.0,0
IL,24.0,0
IL,26.0,0
IL,207.0,2
IL,241.0,2
IL,27.0,0
IL,106.0,4
IL,156.0,4
IL,20.0,0
IL,34.0,0
IL,85.0,4
IL,11.0,0
IL,14.0,0
IL,23.0,0
IL,44.0,0
IL,13.0,0
IL,21.0,0
IL,15.0,0
IL,248.0,2
IL,44.0,0
IL,66.0,0
IL,89.0,4
IL,18.0,0
IL,57.0,0
IL,83.0,4
IL,87.0,4
IL,96.0,4
IL,13.0,0
IL,17.0,0
IL,39.0,0
IL,141.0,4
IL,37.0,0
IL,78.0,4
IL,133.0,4
IL,134.0,4
IL,330.0,2
IL,12.0,0
IL,22.0,0
IL,46.0,0
IL,27.0,0
IL,69.0,4
IL,14.0,0
IL,29.0,0
IL,15.0,0
IL,48.0,0
IL,91.0,4
IL,32.0,0
IL,51.0,0
IL,18.0,0
IL,17.0,0
IL,37.0,0
IL,10.0,0
IL,239.0,2
IL,59.0,0
IL,26.0,0
IL,336.0,2
IL,88.0,4
IL,18.0,0
IL,75.0,4
IL,66.0,0
IL,132.0,4
IL,216.0,2
IL,32.0,0
IL,16.0,0
IL,24.0,0
IL,26.0,0
IL,207.0,2
IL,241.0,2
IL,27.0,0
IL,106.0,4
IL,156.0,4
IL,20.0,0
IL,34.0,0
IL,85.0,4
IL,11.0,0
IL,14.0,0
IL,23.0,0
IL,44.0,0
IL,13.0,0
IL,21.0,0
IL,15.0,0
IL,248.0,2
IL,44.0,0
IL,66.0,0
IL,89.0,4
IL,18.0,0
IL,57.0,0
IL,83.0,4
IL,87.0,4
IL,96.0,4
IL,13.0,0
IL,17.0,0
IL,39.0,0
IL,141.0,4
IL,37.0,0
IL,78.0,4
IL,133.0,4
IL,134.0,4
IL,330.0,2
IL,12.0,0
IL,11.0,0
IL,41.0,0
IL,85.0,4
IL,120.0,4
IL,46.0,0
IL,28.0,0
IL,56.0,0
IL,14.0,0
IL,25.0,0
IL,53.0,0
IL,99.0,4
IL,50.0,0
IL,79.0,4
IL,18.0,0
IL,32.0,0
IL,66.0,0
IL,138.0,4
IL,34.0,0
IL,115.0,4
IL,35.0,0
IL,350.0,2
IL,11.0,0
IL,133.0,4
IL,32.0,0
IL,23.0,0
IL,132.0,4
IL,216.0,2
IL,32.0,0
NH,29.0,0
IL,18.0,0
IN,12.0,0
IN,22.0,0
IN,31.0,0
IN,103.0,4
IN,161.0,4
IN,18.0,0
IN,19.0,0
IN,22.0,0
IN,50.0,0
IN,60.0,0
IN,84.0,4
IN,10.0,0
IN,21.0,0
IN,11.0,0
IN,25.0,0
IN,47.0,0
IN,93.0,4
IN,12.0,0
IN,38.0,0
IN,62.0,0
IN,65.0,0
IN,66.0,0
IN,13.0,0
IN,15.0,0
IN,33.0,0
IN,22.0,0
IN,25.0,0
IN,66.0,0
IN,238.0,2
IN,94.0,4
IN,95.0,4
IN,19.0,0
IN,12.0,0
IN,31.0,0
IN,16.0,0
IN,28.0,0
IN,42.0,0
IN,16.0,0
IN,23.0,0
IN,20.0,0
IN,117.0,4
IN,33.0,0
IN,146.0,4
IN,30.0,0
IN,38.0,0
IN,22.0,0
IN,133.0,4
IN,23.0,0
IN,92.0,4
IN,12.0,0
IN,22.0,0
IN,31.0,0
IN,103.0,4
IN,161.0,4
IN,18.0,0
IN,19.0,0
IN,22.0,0
IN,50.0,0
IN,60.0,0
IN,84.0,4
IN,10.0,0
IN,21.0,0
IN,11.0,0
IN,25.0,0
IN,47.0,0
IN,93.0,4
IN,12.0,0
IN,38.0,0
IN,62.0,0
IN,65.0,0
IN,66.0,0
IN,13.0,0
IN,15.0,0
IN,33.0,0
IN,22.0,0
IN,25.0,0
IN,66.0,0
IN,238.0,2
IN,94.0,4
IN,95.0,4
IN,15.0,0
IN,36.0,0
IN,22.0,0
IN,55.0,0
IN,17.0,0
IN,32.0,0
IN,12.0,0
IN,30.0,0
IN,46.0,0
IN,25.0,0
IN,36.0,0
IN,15.0,0
IN,36.0,0
IN,19.0,0
IN,68.0,4
IN,11.0,0
IN,151.0,4
IN,40.0,0
IN,16.0,0
IN,68.0,4
IN,133.0,4
IN,23.0,0
IN,92.0,4
IA,11.0,0
IA,23.0,0
IA,25.0,0
IA,27.0,0
IA,23.0,0
IA,23.0,0
IA,37.0,0
IA,15.0,0
IA,15.0,0
IA,18.0,0
IA,28.0,0
IA,29.0,0
IA,13.0,0
IA,22.0,0
IA,11.0,0
IA,15.0,0
IA,29.0,0
IA,121.0,4
IA,47.0,0
IA,49.0,0
IA,11.0,0
IA,19.0,0
IA,12.0,0
IA,23.0,0
IA,14.0,0
IA,12.0,0
IA,20.0,0
IA,87.0,4
IA,117.0,4
IA,13.0,0
IA,22.0,0
IA,11.0,0
IA,21.0,0
IA,43.0,0
IA,11.0,0
IA,23.0,0
IA,25.0,0
IA,27.0,0
IA,23.0,0
IA,23.0,0
IA,37.0,0
IA,15.0,0
IA,15.0,0
IA,18.0,0
IA,28.0,0
IA,29.0,0
IA,13.0,0
IA,22.0,0
IA,11.0,0
IA,15.0,0
IA,29.0,0
IA,121.0,4
IA,47.0,0
IA,49.0,0
IA,21.0,0
IA,33.0,0
IA,17.0,0
IA,13.0,0
IA,24.0,0
IA,14.0,0
IA,22.0,0
IA,22.0,0
IA,12.0,0
IA,51.0,0
IA,118.0,4
IA,17.0,0
IA,38.0,0
IA,21.0,0
IA,43.0,0
KS,24.0,0
KS,27.0,0
KS,30.0,0
KS,20.0,0
KS,24.0,0
KS,38.0,0
KS,12.0,0
KS,17.0,0
KS,30.0,0
KS,19.0,0
KS,29.0,0
KS,31.0,0
KS,22.0,0
KS,12.0,0
KS,21.0,0
KS,106.0,4
KS,39.0,0
KS,41.0,0
KS,14.0,0
KS,13.0,0
KS,17.0,0
KS,10.0,0
KS,13.0,0
KS,54.0,0
KS,62.0,0
KS,16.0,0
KS,10.0,0
KS,31.0,0
KS,44.0,0
KS,24.0,0
KS,27.0,0
KS,30.0,0
KS,20.0,0
KS,24.0,0
KS,38.0,0
KS,12.0,0
KS,17.0,0
KS,30.0,0
KS,19.0,0
KS,29.0,0
KS,31.0,0
KS,22.0,0
KS,12.0,0
KS,21.0,0
KS,106.0,4
KS,39.0,0
KS,41.0,0
KS,17.0,0
KS,25.0,0
KS,14.0,0
KS,14.0,0
KS,18.0,0
KS,10.0,0
KS,17.0,0
KS,13.0,0
KS,31.0,0
KS,11.0,0
KS,65.0,0
KS,29.0,0
KS,31.0,0
KS,44.0,0
KY,13.0,0
KY,13.0,0
KY,100.0,4
KY,13.0,0
KY,163.0,4
KY,11.0,0
KY,16.0,0
KY,43.0,0
KY,57.0,0
KY,66.0,0
KY,14.0,0
KY,11.0,0
KY,12.0,0
KY,33.0,0
KY,50.0,0
KY,34.0,0
KY,48.0,0
KY,49.0,0
KY,13.0,0
KY,19.0,0
KY,40.0,0
KY,12.0,0
KY,15.0,0
KY,39.0,0
KY,165.0,4
KY,58.0,0
KY,59.0,0
KY,12.0,0
KY,22.0,0
KY,21.0,0
KY,30.0,0
KY,13.0,0
KY,17.0,0
KY,13.0,0
KY,27.0,0
KY,71.0,4
KY,30.0,0
KY,86.0,4
KY,25.0,0
KY,14.0,0
KY,115.0,4
KY,20.0,0
KY,85.0,4
KY,13.0,0
KY,13.0,0
KY,100.0,4
KY,13.0,0
KY,163.0,4
KY,11.0,0
KY,16.0,0
KY,43.0,0
KY,57.0,0
KY,66.0,0
KY,14.0,0
KY,11.0,0
KY,12.0,0
KY,33.0,0
KY,50.0,0
KY,34.0,0
KY,48.0,0
KY,49.0,0
KY,13.0,0
KY,19.0,0
KY,40.0,0
KY,12.0,0
KY,15.0,0
KY,39.0,0
KY,165.0,4
KY,58.0,0
KY,59.0,0
KY,22.0,0
KY,16.0,0
KY,36.0,0
KY,10.0,0
KY,18.0,0
KY,22.0,0
KY,32.0,0
KY,20.0,0
KY,27.0,0
KY,23.0,0
KY,16.0,0
KY,41.0,0
KY,12.0,0
KY,38.0,0
KY,92.0,4
KY,43.0,0
KY,115.0,4
KY,20.0,0
KY,85.0,4
LA,10.0,0
LA,118.0,4
LA,12.0,0
LA,81.0,4
LA,101.0,4
LA,18.0,0
LA,18.0,0
LA,65.0,0
LA,78.0,4
LA,16.0,0
LA,12.0,0
LA,12.0,0
LA,133.0,4
LA,32.0,0
LA,35.0,0
LA,69.0,4
LA,29.0,0
LA,43.0,0
LA,43.0,0
LA,19.0,0
LA,24.0,0
LA,133.0,4
LA,43.0,0
LA,45.0,0
LA,16.0,0
LA,12.0,0
LA,23.0,0
LA,36.0,0
LA,39.0,0
LA,16.0,0
LA,18.0,0
LA,30.0,0
LA,78.0,4
LA,122.0,4
LA,14.0,0
LA,43.0,0
LA,24.0,0
LA,24.0,0
LA,16.0,0
LA,76.0,4
LA,78.0,4
LA,10.0,0
LA,118.0,4
LA,12.0,0
LA,81.0,4
LA,101.0,4
LA,18.0,0
LA,18.0,0
LA,65.0,0
LA,78.0,4
LA,16.0,0
LA,12.0,0
LA,12.0,0
LA,133.0,4
LA,32.0,0
LA,35.0,0
LA,69.0,4
LA,29.0,0
LA,43.0,0
LA,43.0,0
LA,19.0,0
LA,24.0,0
LA,133.0,4
LA,43.0,0
LA,45.0,0
LA,15.0,0
LA,28.0,0
LA,21.0,0
LA,39.0,0
LA,11.0,0
LA,16.0,0
LA,38.0,0
LA,42.0,0
LA,25.0,0
LA,28.0,0
LA,17.0,0
LA,17.0,0
LA,45.0,0
LA,128.0,4
LA,18.0,0
LA,53.0,0
LA,15.0,0
LA,42.0,0
LA,16.0,0
LA,76.0,4
LA,78.0,4
ME,10.0,0
ME,21.0,0
ME,32.0,0
ME,37.0,0
ME,11.0,0
ME,14.0,0
ME,21.0,0
ME,14.0,0
ME,14.0,0
ME,19.0,0
ME,10.0,0
ME,24.0,0
ME,18.0,0
ME,34.0,0
ME,55.0,0
ME,14.0,0
ME,38.0,0
ME,40.0,0
ME,19.0,0
ME,33.0,0
ME,10.0,0
ME,21.0,0
ME,32.0,0
ME,37.0,0
ME,11.0,0
ME,14.0,0
ME,21.0,0
ME,14.0,0
ME,14.0,0
ME,19.0,0
ME,10.0,0
ME,24.0,0
ME,18.0,0
ME,34.0,0
ME,55.0,0
ME,12.0,0
ME,15.0,0
ME,11.0,0
ME,15.0,0
ME,14.0,0
ME,11.0,0
ME,22.0,0
ME,40.0,0
ME,15.0,0
ME,19.0,0
ME,33.0,0
MD,16.0,0
MD,18.0,0
MD,188.0,4
MD,188.0,4
MD,24.0,0
MD,10.0,0
MD,17.0,0
MD,42.0,0
MD,46.0,0
MD,72.0,4
MD,12.0,0
MD,24.0,0
MD,146.0,4
MD,24.0,0
MD,58.0,0
MD,29.0,0
MD,34.0,0
MD,41.0,0
MD,14.0,0
MD,15.0,0
MD,38.0,0
MD,13.0,0
MD,111.0,4
MD,42.0,0
MD,44.0,0
MD,10.0,0
MD,21.0,0
MD,21.0,0
MD,11.0,0
MD,23.0,0
MD,35.0,0
MD,11.0,0
MD,19.0,0
MD,14.0,0
MD,21.0,0
MD,95.0,4
MD,14.0,0
MD,156.0,4
MD,53.0,0
MD,27.0,0
MD,33.0,0
MD,15.0,0
MD,66.0,0
MD,88.0,4
MD,16.0,0
MD,18.0,0
MD,188.0,4
MD,188.0,4
MD,24.0,0
MD,10.0,0
MD,17.0,0
MD,42.0,0
MD,46.0,0
MD,72.0,4
MD,12.0,0
MD,24.0,0
MD,146.0,4
MD,24.0,0
MD,58.0,0
MD,29.0,0
MD,34.0,0
MD,41.0,0
MD,14.0,0
MD,15.0,0
MD,38.0,0
MD,13.0,0
MD,111.0,4
MD,42.0,0
MD,44.0,0
MD,19.0,0
MD,38.0,0
MD,18.0,0
MD,40.0,0
MD,10.0,0
MD,23.0,0
MD,25.0,0
MD,38.0,0
MD,19.0,0
MD,31.0,0
MD,13.0,0
MD,27.0,0
MD,12.0,0
MD,54.0,0
MD,169.0,4
MD,19.0,0
MD,71.0,4
MD,15.0,0
MD,49.0,0
MD,15.0,0
MD,66.0,0
MD,88.0,4
MA,16.0,0
MA,23.0,0
MA,146.0,4
MA,16.0,0
MA,211.0,2
MA,18.0,0
MA,27.0,0
MA,34.0,0
MA,13.0,0
MA,25.0,0
MA,16.0,0
MA,35.0,0
MA,24.0,0
MA,39.0,0
MA,50.0,0
MA,25.0,0
MA,28.0,0
MA,65.0,0
MA,23.0,0
MA,30.0,0
MA,68.0,4
MA,188.0,4
MA,70.0,4
MA,81.0,4
MA,10.0,0
MA,12.0,0
MA,30.0,0
MA,11.0,0
MA,31.0,0
MA,21.0,0
MA,30.0,0
MA,59.0,0
MA,14.0,0
MA,27.0,0
MA,11.0,0
MA,30.0,0
MA,132.0,4
MA,25.0,0
MA,165.0,4
MA,25.0,0
MA,44.0,0
MA,17.0,0
MA,117.0,4
MA,17.0,0
MA,75.0,4
MA,16.0,0
MA,23.0,0
MA,146.0,4
MA,16.0,0
MA,211.0,2
MA,18.0,0
MA,27.0,0
MA,34.0,0
MA,13.0,0
MA,25.0,0
MA,16.0,0
MA,35.0,0
MA,24.0,0
MA,39.0,0
MA,50.0,0
MA,25.0,0
MA,28.0,0
MA,65.0,0
MA,23.0,0
MA,30.0,0
MA,68.0,4
MA,188.0,4
MA,70.0,4
MA,81.0,4
MA,10.0,0
MA,20.0,0
MA,51.0,0
MA,19.0,0
MA,53.0,0
MA,15.0,0
MA,39.0,0
MA,12.0,0
MA,33.0,0
MA,63.0,0
MA,22.0,0
MA,41.0,0
MA,11.0,0
MA,18.0,0
MA,52.0,0
MA,15.0,0
MA,76.0,4
MA,161.0,4
MA,33.0,0
MA,13.0,0
MA,74.0,4
MA,117.0,4
MA,17.0,0
MA,75.0,4
MI,14.0,0
MI,27.0,0
MI,28.0,0
MI,188.0,4
MI,224.0,2
MI,37.0,0
MI,112.0,4
MI,22.0,0
MI,27.0,0
MI,67.0,0
MI,69.0,4
MI,20.0,0
MI,30.0,0
MI,11.0,0
MI,17.0,0
MI,131.0,4
MI,14.0,0
MI,20.0,0
MI,36.0,0
MI,68.0,4
MI,19.0,0
MI,61.0,0
MI,83.0,4
MI,84.0,4
MI,96.0,4
MI,25.0,0
MI,27.0,0
MI,64.0,0
MI,11.0,0
MI,26.0,0
MI,32.0,0
MI,79.0,4
MI,135.0,4
MI,138.0,4
MI,355.0,2
MI,10.0,0
MI,12.0,0
MI,16.0,0
MI,37.0,0
MI,19.0,0
MI,49.0,0
MI,13.0,0
MI,28.0,0
MI,13.0,0
MI,39.0,0
MI,71.0,4
MI,26.0,0
MI,41.0,0
MI,15.0,0
MI,13.0,0
MI,33.0,0
MI,11.0,0
MI,263.0,2
MI,67.0,0
MI,25.0,0
MI,304.0,2
MI,77.0,4
MI,14.0,0
MI,56.0,0
MI,46.0,0
MI,126.0,4
MI,185.0,4
MI,28.0,0
MI,14.0,0
MI,27.0,0
MI,28.0,0
MI,188.0,4
MI,224.0,2
MI,37.0,0
MI,112.0,4
MI,22.0,0
MI,27.0,0
MI,67.0,0
MI,69.0,4
MI,20.0,0
MI,30.0,0
MI,11.0,0
MI,17.0,0
MI,131.0,4
MI,14.0,0
MI,20.0,0
MI,36.0,0
MI,68.0,4
MI,19.0,0
MI,61.0,0
MI,83.0,4
MI,84.0,4
MI,96.0,4
MI,25.0,0
MI,27.0,0
MI,64.0,0
MI,11.0,0
MI,26.0,0
MI,32.0,0
MI,79.0,4
MI,135.0,4
MI,138.0,4
MI,355.0,2
MI,10.0,0
MI,12.0,0
MI,30.0,0
MI,69.0,4
MI,34.0,0
MI,87.0,4
MI,26.0,0
MI,55.0,0
MI,13.0,0
MI,22.0,0
MI,42.0,0
MI,77.0,4
MI,41.0,0
MI,65.0,0
MI,15.0,0
MI,24.0,0
MI,59.0,0
MI,151.0,4
MI,39.0,0
MI,100.0,4
MI,314.0,2
MI,33.0,0
MI,100.0,4
MI,25.0,0
MI,15.0,0
MI,126.0,4
MI,185.0,4
MI,28.0,0
MI,14.0,0
MN,19.0,0
MN,31.0,0
MN,48.0,0
MN,57.0,0
MN,63.0,0
MN,10.0,0
MN,31.0,0
MN,32.0,0
MN,17.0,0
MN,24.0,0
MN,15.0,0
MN,23.0,0
MN,11.0,0
MN,26.0,0
MN,47.0,0
MN,49.0,0
MN,49.0,0
MN,13.0,0
MN,21.0,0
MN,31.0,0
MN,16.0,0
MN,26.0,0
MN,50.0,0
MN,100.0,4
MN,215.0,2
MN,87.0,4
MN,18.0,0
MN,22.0,0
MN,26.0,0
MN,15.0,0
MN,22.0,0
MN,38.0,0
MN,11.0,0
MN,22.0,0
MN,25.0,0
MN,19.0,0
MN,85.0,4
MN,141.0,4
MN,16.0,0
MN,36.0,0
MN,21.0,0
MN,39.0,0
MN,68.0,4
MN,19.0,0
MN,31.0,0
MN,48.0,0
MN,57.0,0
MN,63.0,0
MN,10.0,0
MN,31.0,0
MN,32.0,0
MN,17.0,0
MN,24.0,0
MN,15.0,0
MN,23.0,0
MN,11.0,0
MN,26.0,0
MN,47.0,0
MN,49.0,0
MN,49.0,0
MN,13.0,0
MN,21.0,0
MN,31.0,0
MN,16.0,0
MN,26.0,0
MN,50.0,0
MN,100.0,4
MN,215.0,2
MN,87.0,4
MN,18.0,0
MN,16.0,0
MN,39.0,0
MN,16.0,0
MN,46.0,0
MN,12.0,0
MN,27.0,0
MN,23.0,0
MN,41.0,0
MN,17.0,0
MN,35.0,0
MN,16.0,0
MN,43.0,0
MN,11.0,0
MN,49.0,0
MN,141.0,4
MN,21.0,0
MN,14.0,0
MN,62.0,0
MN,39.0,0
MN,68.0,4
MS,27.0,0
MS,28.0,0
MS,36.0,0
MS,16.0,0
MS,19.0,0
MS,42.0,0
MS,52.0,0
MS,65.0,0
MS,12.0,0
MS,10.0,0
MS,13.0,0
MS,23.0,0
MS,45.0,0
MS,78.0,4
MS,19.0,0
MS,25.0,0
MS,25.0,0
MS,14.0,0
MS,18.0,0
MS,25.0,0
MS,27.0,0
MS,68.0,4
MS,14.0,0
MS,16.0,0
MS,21.0,0
MS,11.0,0
MS,12.0,0
MS,16.0,0
MS,43.0,0
MS,103.0,4
MS,32.0,0
MS,12.0,0
MS,14.0,0
MS,62.0,0
MS,67.0,0
MS,27.0,0
MS,28.0,0
MS,36.0,0
MS,16.0,0
MS,19.0,0
MS,42.0,0
MS,52.0,0
MS,65.0,0
MS,12.0,0
MS,10.0,0
MS,13.0,0
MS,23.0,0
MS,45.0,0
MS,78.0,4
MS,19.0,0
MS,25.0,0
MS,25.0,0
MS,14.0,0
MS,18.0,0
MS,25.0,0
MS,27.0,0
MS,68.0,4
MS,13.0,0
MS,12.0,0
MS,23.0,0
MS,18.0,0
MS,23.0,0
MS,17.0,0
MS,18.0,0
MS,11.0,0
MS,25.0,0
MS,114.0,4
MS,12.0,0
MS,42.0,0
MS,10.0,0
MS,22.0,0
MS,14.0,0
MS,62.0,0
MS,67.0,0
MO,11.0,0
MO,11.0,0
MO,136.0,4
MO,15.0,0
MO,93.0,4
MO,104.0,4
MO,20.0,0
MO,22.0,0
MO,61.0,0
MO,72.0,4
MO,12.0,0
MO,22.0,0
MO,14.0,0
MO,11.0,0
MO,132.0,4
MO,25.0,0
MO,35.0,0
MO,70.0,4
MO,15.0,0
MO,45.0,0
MO,67.0,0
MO,70.0,4
MO,73.0,4
MO,10.0,0
MO,17.0,0
MO,41.0,0
MO,22.0,0
MO,28.0,0
MO,65.0,0
MO,157.0,4
MO,63.0,0
MO,67.0,0
MO,22.0,0
MO,13.0,0
MO,32.0,0
MO,16.0,0
MO,32.0,0
MO,44.0,0
MO,18.0,0
MO,26.0,0
MO,19.0,0
MO,133.0,4
MO,38.0,0
MO,10.0,0
MO,146.0,4
MO,37.0,0
MO,41.0,0
MO,24.0,0
MO,108.0,4
MO,18.0,0
MO,82.0,4
MO,11.0,0
MO,11.0,0
MO,136.0,4
MO,15.0,0
MO,93.0,4
MO,104.0,4
MO,20.0,0
MO,22.0,0
MO,61.0,0
MO,72.0,4
MO,12.0,0
MO,22.0,0
MO,14.0,0
MO,11.0,0
MO,132.0,4
MO,25.0,0
MO,35.0,0
MO,70.0,4
MO,15.0,0
MO,45.0,0
MO,67.0,0
MO,70.0,4
MO,73.0,4
MO,10.0,0
MO,17.0,0
MO,41.0,0
MO,22.0,0
MO,28.0,0
MO,65.0,0
MO,157.0,4
MO,63.0,0
MO,67.0,0
MO,18.0,0
MO,39.0,0
MO,22.0,0
MO,55.0,0
MO,15.0,0
MO,30.0,0
MO,13.0,0
MO,34.0,0
MO,47.0,0
MO,27.0,0
MO,41.0,0
MO,14.0,0
MO,33.0,0
MO,22.0,0
MO,76.0,4
MO,13.0,0
MO,154.0,4
MO,48.0,0
MO,16.0,0
MO,71.0,4
MO,108.0,4
MO,18.0,0
MO,82.0,4
MT,11.0,0
MT,14.0,0
MT,18.0,0
MT,31.0,0
MT,13.0,0
MT,15.0,0
MT,17.0,0
MT,26.0,0
MT,25.0,0
MT,34.0,0
MT,55.0,0
MT,27.0,0
MT,25.0,0
MT,12.0,0
MT,16.0,0
MT,11.0,0
MT,14.0,0
MT,18.0,0
MT,31.0,0
MT,13.0,0
MT,15.0,0
MT,17.0,0
MT,26.0,0
MT,25.0,0
MT,34.0,0
MT,55.0,0
MT,11.0,0
MT,16.0,0
MT,26.0,0
MT,12.0,0
MT,12.0,0
MT,16.0,0
NE,11.0,0
NE,13.0,0
NE,12.0,0
NE,15.0,0
NE,31.0,0
WI,11.0,0
NE,11.0,0
NE,16.0,0
NE,17.0,0
NE,17.0,0
NE,16.0,0
NE,32.0,0
NE,41.0,0
NE,76.0,4
NE,11.0,0
NE,36.0,0
NE,54.0,0
NE,11.0,0
NE,22.0,0
NE,11.0,0
NE,13.0,0
NE,12.0,0
NE,15.0,0
NE,31.0,0
NE,11.0,0
NE,16.0,0
NE,17.0,0
NE,17.0,0
NE,16.0,0
NE,32.0,0
NE,41.0,0
NE,76.0,4
NE,13.0,0
NE,19.0,0
NE,10.0,0
NE,16.0,0
NE,21.0,0
NE,54.0,0
NE,20.0,0
NE,22.0,0
NV,14.0,0
NV,51.0,0
NV,62.0,0
NV,13.0,0
NV,28.0,0
NV,28.0,0
NV,11.0,0
NV,14.0,0
NV,25.0,0
NV,34.0,0
NV,35.0,0
NV,36.0,0
NV,39.0,0
NV,16.0,0
NV,23.0,0
NV,21.0,0
NV,26.0,0
NV,47.0,0
NV,155.0,4
NV,64.0,0
NV,82.0,4
NV,15.0,0
NV,11.0,0
NV,21.0,0
NV,12.0,0
NV,16.0,0
NV,63.0,0
NV,25.0,0
NV,97.0,4
NV,13.0,0
NV,15.0,0
NV,31.0,0
NV,46.0,0
NV,14.0,0
NV,51.0,0
NV,62.0,0
NV,13.0,0
NV,28.0,0
NV,28.0,0
NV,11.0,0
NV,14.0,0
NV,25.0,0
NV,34.0,0
NV,35.0,0
NV,36.0,0
NV,39.0,0
NV,16.0,0
NV,23.0,0
NV,21.0,0
NV,26.0,0
NV,47.0,0
NV,155.0,4
NV,64.0,0
NV,82.0,4
NV,17.0,0
NV,10.0,0
NV,26.0,0
NV,13.0,0
NV,12.0,0
NV,22.0,0
NV,18.0,0
NV,36.0,0
NV,109.0,4
NV,32.0,0
NV,22.0,0
NV,31.0,0
NV,46.0,0
NH,24.0,0
NH,43.0,0
NH,51.0,0
NH,10.0,0
NH,15.0,0
NH,11.0,0
NH,16.0,0
NH,18.0,0
NH,21.0,0
NH,28.0,0
NH,52.0,0
NH,11.0,0
NH,32.0,0
NH,33.0,0
NH,14.0,0
NH,24.0,0
NH,24.0,0
NH,43.0,0
NH,51.0,0
NH,10.0,0
NH,15.0,0
NH,11.0,0
NH,16.0,0
NH,18.0,0
NH,10.0,0
NH,10.0,0
NH,29.0,0
NH,21.0,0
NH,28.0,0
NH,52.0,0
NH,11.0,0
NH,13.0,0
NH,12.0,0
NH,12.0,0
NH,18.0,0
NH,34.0,0
NH,16.0,0
NH,14.0,0
NH,24.0,0
NJ,25.0,0
NJ,27.0,0
NJ,177.0,4
NJ,21.0,0
NJ,229.0,2
NJ,16.0,0
NJ,39.0,0
NJ,44.0,0
NJ,11.0,0
NJ,24.0,0
NJ,15.0,0
NJ,36.0,0
NJ,80.0,4
NJ,32.0,0
NJ,45.0,0
NJ,58.0,0
NJ,11.0,0
NJ,12.0,0
NJ,26.0,0
NJ,25.0,0
NJ,31.0,0
NJ,67.0,0
NJ,179.0,4
NJ,66.0,0
NJ,72.0,4
NJ,14.0,0
NJ,32.0,0
NJ,14.0,0
NJ,37.0,0
NJ,16.0,0
NJ,26.0,0
NJ,52.0,0
NJ,12.0,0
NJ,24.0,0
NJ,23.0,0
NJ,166.0,4
NJ,30.0,0
NJ,168.0,4
NJ,34.0,0
NJ,11.0,0
NJ,50.0,0
NJ,18.0,0
NJ,139.0,4
NJ,24.0,0
NJ,91.0,4
WV,17.0,0
NJ,25.0,0
NJ,27.0,0
NJ,177.0,4
NJ,21.0,0
NJ,229.0,2
NJ,16.0,0
NJ,39.0,0
NJ,44.0,0
NJ,11.0,0
NJ,24.0,0
NJ,15.0,0
NJ,36.0,0
NJ,80.0,4
NJ,32.0,0
NJ,45.0,0
NJ,58.0,0
NJ,11.0,0
NJ,12.0,0
NJ,26.0,0
NJ,25.0,0
NJ,31.0,0
NJ,67.0,0
NJ,179.0,4
NJ,66.0,0
NJ,72.0,4
NJ,27.0,0
NJ,60.0,0
NJ,27.0,0
NJ,70.0,4
NJ,14.0,0
NJ,34.0,0
NJ,14.0,0
NJ,29.0,0
NJ,58.0,0
NJ,21.0,0
NJ,40.0,0
NJ,18.0,0
NJ,45.0,0
NJ,17.0,0
NJ,93.0,4
NJ,12.0,0
NJ,174.0,4
NJ,46.0,0
NJ,21.0,0
NJ,94.0,4
NJ,139.0,4
NJ,24.0,0
NJ,91.0,4
NM,11.0,0
NM,21.0,0
NM,27.0,0
NM,38.0,0
NM,41.0,0
NM,51.0,0
NM,10.0,0
NM,37.0,0
NM,61.0,0
NM,11.0,0
NM,13.0,0
NM,24.0,0
NM,36.0,0
NM,24.0,0
NM,27.0,0
NM,28.0,0
NM,28.0,0
NM,62.0,0
NM,93.0,4
NM,11.0,0
NM,13.0,0
NM,103.0,4
NM,162.0,4
NM,58.0,0
NM,13.0,0
NM,19.0,0
NM,39.0,0
NM,33.0,0
NM,21.0,0
NM,53.0,0
NM,59.0,0
NM,11.0,0
NM,21.0,0
NM,27.0,0
NM,38.0,0
NM,41.0,0
NM,51.0,0
NM,10.0,0
NM,37.0,0
NM,61.0,0
NM,11.0,0
NM,13.0,0
NM,24.0,0
NM,36.0,0
NM,24.0,0
NM,27.0,0
NM,28.0,0
NM,28.0,0
NM,62.0,0
NM,93.0,4
NM,11.0,0
NM,13.0,0
NM,103.0,4
NM,162.0,4
NM,58.0,0
NM,11.0,0
NM,15.0,0
NM,14.0,0
NM,20.0,0
NM,12.0,0
NM,23.0,0
NM,35.0,0
NM,14.0,0
NM,21.0,0
NM,53.0,0
NM,59.0,0
NY,12.0,0
NY,45.0,0
NY,59.0,0
NY,10.0,0
NY,280.0,2
NY,308.0,2
NY,321.0,2
NY,51.0,0
NY,138.0,4
NY,22.0,0
NY,60.0,0
NY,80.0,4
NY,84.0,4
NY,12.0,0
NY,20.0,0
NY,31.0,0
NY,59.0,0
NY,16.0,0
NY,26.0,0
NY,131.0,4
NY,19.0,0
NY,25.0,0
NY,39.0,0
NY,65.0,0
NY,11.0,0
NY,119.0,4
NY,16.0,0
NY,71.0,4
NY,96.0,4
NY,98.0,4
NY,39.0,0
NY,51.0,0
NY,86.0,4
NY,18.0,0
NY,136.0,4
NY,55.0,0
NY,59.0,0
NY,169.0,4
NY,243.0,2
NY,438.0,2
NY,15.0,0
NY,18.0,0
NY,30.0,0
NY,70.0,4
NY,28.0,0
NY,80.0,4
NY,16.0,0
NY,38.0,0
NY,18.0,0
NY,126.0,4
NY,60.0,0
NY,33.0,0
NY,61.0,0
NY,24.0,0
NY,21.0,0
NY,40.0,0
NY,14.0,0
NY,502.0,1
NY,87.0,4
NY,118.0,4
NY,28.0,0
NY,702.0,1
NY,23.0,0
NY,94.0,4
NY,47.0,0
NY,126.0,4
NY,242.0,2
NY,31.0,0
NY,15.0,0
NY,12.0,0
NY,45.0,0
NY,59.0,0
NY,10.0,0
NY,280.0,2
NY,308.0,2
NY,321.0,2
NY,51.0,0
NY,138.0,4
NY,22.0,0
NY,60.0,0
NY,80.0,4
NY,84.0,4
NY,12.0,0
NY,20.0,0
NY,31.0,0
NY,59.0,0
NY,16.0,0
NY,26.0,0
NY,131.0,4
NY,19.0,0
NY,25.0,0
NY,39.0,0
NY,65.0,0
NY,11.0,0
NY,119.0,4
NY,16.0,0
NY,71.0,4
NY,96.0,4
NY,98.0,4
NY,39.0,0
NY,51.0,0
NY,86.0,4
NY,18.0,0
NY,136.0,4
NY,55.0,0
NY,59.0,0
NY,169.0,4
NY,243.0,2
NY,438.0,2
NY,15.0,0
NY,18.0,0
NY,126.0,4
NY,18.0,0
NY,54.0,0
NY,13.0,0
NY,145.0,4
NY,51.0,0
NY,33.0,0
NY,76.0,4
NY,16.0,0
NY,32.0,0
NY,138.0,4
NY,66.0,0
NY,54.0,0
NY,99.0,4
NY,24.0,0
NY,41.0,0
NY,74.0,4
NY,286.0,2
NY,50.0,0
NY,151.0,4
NY,37.0,0
NY,720.0,1
NY,13.0,0
NY,169.0,4
NY,41.0,0
NY,15.0,0
NY,126.0,4
NY,242.0,2
NY,31.0,0
NY,10.0,0
NY,28.0,0
NY,11.0,0
NC,18.0,0
NC,26.0,0
NC,131.0,4
NC,20.0,0
NC,203.0,2
NC,107.0,4
NC,123.0,4
NC,180.0,4
NC,33.0,0
NC,39.0,0
NC,25.0,0
NC,38.0,0
NC,14.0,0
NC,23.0,0
NC,137.0,4
NC,21.0,0
NC,28.0,0
NC,41.0,0
NC,75.0,4
NC,14.0,0
NC,66.0,0
NC,78.0,4
NC,86.0,4
NC,94.0,4
NC,23.0,0
NC,38.0,0
NC,72.0,4
NC,37.0,0
NC,39.0,0
NC,86.0,4
NC,127.0,4
NC,131.0,4
NC,331.0,2
NC,19.0,0
NC,16.0,0
NC,34.0,0
NC,19.0,0
NC,42.0,0
NC,19.0,0
NC,12.0,0
NC,50.0,0
NC,71.0,4
NC,25.0,0
NC,39.0,0
NC,13.0,0
NC,13.0,0
NC,32.0,0
NC,170.0,4
NC,50.0,0
NC,17.0,0
NC,206.0,2
NC,54.0,0
NC,17.0,0
NC,59.0,0
NC,54.0,0
NC,151.0,4
NC,215.0,2
NC,30.0,0
NC,18.0,0
NC,26.0,0
NC,131.0,4
NC,20.0,0
NC,203.0,2
NC,107.0,4
NC,123.0,4
NC,180.0,4
NC,33.0,0
NC,39.0,0
NC,25.0,0
NC,38.0,0
NC,14.0,0
NC,23.0,0
NC,137.0,4
NC,21.0,0
NC,28.0,0
NC,41.0,0
NC,75.0,4
NC,14.0,0
NC,66.0,0
NC,78.0,4
NC,86.0,4
NC,94.0,4
NC,23.0,0
NC,38.0,0
NC,72.0,4
NC,37.0,0
NC,39.0,0
NC,86.0,4
NC,127.0,4
NC,131.0,4
NC,331.0,2
NC,19.0,0
NC,29.0,0
NC,59.0,0
NC,32.0,0
NC,71.0,4
NC,18.0,0
NC,36.0,0
NC,19.0,0
NC,54.0,0
NC,77.0,4
NC,38.0,0
NC,61.0,0
NC,13.0,0
NC,22.0,0
NC,55.0,0
NC,29.0,0
NC,97.0,4
NC,209.0,2
NC,21.0,0
NC,68.0,4
NC,101.0,4
NC,28.0,0
NC,19.0,0
NC,151.0,4
NC,215.0,2
NC,30.0,0
NC,14.0,0
ND,11.0,0
ND,18.0,0
ND,12.0,0
ND,16.0,0
ND,13.0,0
ND,18.0,0
ND,33.0,0
ND,16.0,0
ND,20.0,0
ND,11.0,0
ND,18.0,0
ND,12.0,0
ND,16.0,0
ND,13.0,0
ND,18.0,0
ND,33.0,0
ND,20.0,0
OH,10.0,0
OH,24.0,0
OH,31.0,0
OH,292.0,2
OH,38.0,0
OH,438.0,2
OH,106.0,4
OH,133.0,4
OH,23.0,0
OH,33.0,0
OH,84.0,4
OH,12.0,0
OH,29.0,0
OH,47.0,0
OH,15.0,0
OH,22.0,0
OH,154.0,4
OH,17.0,0
OH,33.0,0
OH,45.0,0
OH,77.0,4
OH,102.0,4
OH,104.0,4
OH,111.0,4
OH,21.0,0
OH,75.0,4
OH,31.0,0
OH,32.0,0
OH,96.0,4
OH,15.0,0
OH,24.0,0
OH,36.0,0
OH,82.0,4
OH,140.0,4
OH,146.0,4
OH,394.0,2
OH,11.0,0
OH,19.0,0
OH,19.0,0
OH,45.0,0
OH,25.0,0
OH,67.0,0
OH,17.0,0
OH,36.0,0
OH,16.0,0
OH,54.0,0
OH,88.0,4
OH,35.0,0
OH,50.0,0
OH,18.0,0
OH,17.0,0
OH,43.0,0
OH,12.0,0
OH,265.0,2
OH,69.0,4
OH,22.0,0
OH,343.0,2
OH,82.0,4
OH,18.0,0
OH,75.0,4
OH,56.0,0
OH,166.0,4
OH,247.0,2
OH,37.0,0
OH,10.0,0
OH,24.0,0
OH,31.0,0
OH,292.0,2
OH,38.0,0
OH,438.0,2
OH,106.0,4
OH,133.0,4
OH,23.0,0
OH,33.0,0
OH,84.0,4
OH,12.0,0
OH,29.0,0
OH,47.0,0
OH,15.0,0
OH,22.0,0
OH,154.0,4
OH,17.0,0
OH,33.0,0
OH,45.0,0
OH,77.0,4
OH,102.0,4
OH,104.0,4
OH,111.0,4
OH,21.0,0
OH,75.0,4
OH,31.0,0
OH,32.0,0
OH,96.0,4
OH,15.0,0
OH,24.0,0
OH,36.0,0
OH,82.0,4
OH,140.0,4
OH,146.0,4
OH,394.0,2
OH,11.0,0
OH,19.0,0
OH,11.0,0
OH,35.0,0
OH,83.0,4
OH,113.0,4
OH,42.0,0
OH,31.0,0
OH,67.0,0
OH,15.0,0
OH,26.0,0
OH,58.0,0
OH,95.0,4
OH,53.0,0
OH,77.0,4
OH,18.0,0
OH,30.0,0
OH,75.0,4
OH,153.0,4
OH,40.0,0
OH,104.0,4
OH,27.0,0
OH,352.0,2
OH,129.0,4
OH,31.0,0
OH,20.0,0
OH,166.0,4
OH,247.0,2
OH,37.0,0
OH,16.0,0
OK,14.0,0
OK,16.0,0
OK,12.0,0
OK,69.0,4
OK,70.0,4
OK,12.0,0
OK,17.0,0
OK,46.0,0
OK,51.0,0
OK,65.0,0
OK,11.0,0
OK,21.0,0
OK,10.0,0
OK,11.0,0
OK,40.0,0
OK,56.0,0
OK,10.0,0
OK,30.0,0
OK,46.0,0
OK,49.0,0
OK,52.0,0
OK,11.0,0
OK,15.0,0
OK,27.0,0
OK,14.0,0
OK,14.0,0
OK,40.0,0
OK,222.0,2
OK,83.0,4
OK,89.0,4
OK,16.0,0
OK,17.0,0
OK,23.0,0
OK,13.0,0
OK,19.0,0
OK,65.0,0
OK,14.0,0
OK,194.0,4
OK,56.0,0
OK,12.0,0
OK,11.0,0
OK,56.0,0
OK,75.0,4
OK,14.0,0
OK,16.0,0
OK,12.0,0
OK,69.0,4
OK,70.0,4
OK,12.0,0
OK,17.0,0
OK,46.0,0
OK,51.0,0
OK,65.0,0
OK,11.0,0
OK,21.0,0
OK,10.0,0
OK,11.0,0
OK,40.0,0
OK,56.0,0
OK,10.0,0
OK,30.0,0
OK,46.0,0
OK,49.0,0
OK,52.0,0
OK,11.0,0
OK,15.0,0
OK,27.0,0
OK,14.0,0
OK,14.0,0
OK,40.0,0
OK,222.0,2
OK,83.0,4
OK,89.0,4
OK,17.0,0
OK,13.0,0
OK,29.0,0
OK,13.0,0
OK,19.0,0
OK,25.0,0
OK,13.0,0
OK,22.0,0
OK,16.0,0
OK,11.0,0
OK,37.0,0
OK,18.0,0
OK,224.0,2
OK,75.0,4
OK,22.0,0
OK,11.0,0
OK,56.0,0
OK,75.0,4
OR,10.0,0
OR,15.0,0
OR,12.0,0
OR,42.0,0
OR,43.0,0
OR,12.0,0
OR,23.0,0
OR,39.0,0
OR,41.0,0
OR,61.0,0
OR,12.0,0
OR,15.0,0
OR,12.0,0
OR,15.0,0
OR,19.0,0
OR,44.0,0
OR,46.0,0
OR,51.0,0
OR,13.0,0
OR,27.0,0
OR,46.0,0
OR,26.0,0
OR,44.0,0
OR,77.0,4
OR,154.0,4
OR,283.0,2
OR,95.0,4
OR,18.0,0
OR,23.0,0
OR,20.0,0
OR,23.0,0
OR,13.0,0
OR,24.0,0
OR,40.0,0
OR,11.0,0
OR,24.0,0
OR,28.0,0
OR,15.0,0
OR,74.0,4
OR,131.0,4
OR,18.0,0
OR,30.0,0
OR,21.0,0
OR,21.0,0
OR,49.0,0
OR,10.0,0
OR,15.0,0
OR,12.0,0
OR,42.0,0
OR,43.0,0
OR,12.0,0
OR,23.0,0
OR,39.0,0
OR,41.0,0
OR,61.0,0
OR,12.0,0
OR,15.0,0
OR,12.0,0
OR,15.0,0
OR,19.0,0
OR,44.0,0
OR,46.0,0
OR,51.0,0
OR,13.0,0
OR,27.0,0
OR,46.0,0
OR,26.0,0
OR,44.0,0
OR,77.0,4
OR,154.0,4
OR,283.0,2
OR,95.0,4
OR,18.0,0
OR,23.0,0
OR,14.0,0
OR,33.0,0
OR,12.0,0
OR,38.0,0
OR,24.0,0
OR,25.0,0
OR,44.0,0
OR,16.0,0
OR,35.0,0
OR,13.0,0
OR,47.0,0
OR,43.0,0
OR,131.0,4
OR,22.0,0
OR,11.0,0
OR,49.0,0
OR,21.0,0
OR,49.0,0
PA,19.0,0
PA,25.0,0
PA,13.0,0
PA,311.0,2
PA,43.0,0
PA,430.0,2
PA,449.0,2
PA,141.0,4
PA,22.0,0
PA,40.0,0
PA,86.0,4
PA,86.0,4
PA,12.0,0
PA,28.0,0
PA,53.0,0
PA,16.0,0
PA,24.0,0
PA,16.0,0
PA,173.0,4
PA,33.0,0
PA,39.0,0
PA,71.0,4
PA,12.0,0
PA,105.0,4
PA,112.0,4
PA,140.0,4
PA,18.0,0
PA,91.0,4
PA,21.0,0
PA,33.0,0
PA,71.0,4
PA,27.0,0
PA,34.0,0
PA,85.0,4
PA,130.0,4
PA,306.0,2
PA,96.0,4
PA,15.0,0
PA,21.0,0
PA,55.0,0
PA,24.0,0
PA,73.0,4
PA,15.0,0
PA,37.0,0
PA,16.0,0
PA,100.0,4
PA,59.0,0
PA,28.0,0
PA,51.0,0
PA,21.0,0
PA,18.0,0
PA,49.0,0
PA,11.0,0
PA,311.0,2
PA,66.0,0
PA,15.0,0
PA,281.0,2
PA,63.0,0
PA,19.0,0
PA,89.0,4
PA,71.0,4
PA,175.0,4
PA,281.0,2
PA,32.0,0
PA,19.0,0
PA,25.0,0
PA,13.0,0
PA,311.0,2
PA,43.0,0
PA,430.0,2
PA,449.0,2
PA,141.0,4
PA,22.0,0
PA,40.0,0
PA,86.0,4
PA,86.0,4
PA,12.0,0
PA,28.0,0
PA,53.0,0
PA,16.0,0
PA,24.0,0
PA,16.0,0
PA,173.0,4
PA,33.0,0
PA,39.0,0
PA,71.0,4
PA,12.0,0
PA,105.0,4
PA,112.0,4
PA,140.0,4
PA,18.0,0
PA,91.0,4
PA,21.0,0
PA,33.0,0
PA,71.0,4
PA,27.0,0
PA,34.0,0
PA,85.0,4
PA,130.0,4
PA,306.0,2
PA,96.0,4
PA,15.0,0
PA,102.0,4
PA,12.0,0
PA,39.0,0
PA,128.0,4
PA,43.0,0
PA,30.0,0
PA,73.0,4
PA,13.0,0
PA,28.0,0
PA,109.0,4
PA,64.0,0
PA,43.0,0
PA,80.0,4
PA,21.0,0
PA,33.0,0
PA,89.0,4
PA,177.0,4
PA,38.0,0
PA,21.0,0
PA,289.0,2
PA,81.0,4
PA,159.0,4
PA,33.0,0
PA,23.0,0
PA,175.0,4
PA,281.0,2
PA,32.0,0
PA,11.0,0
PA,15.0,0
RI,10.0,0
RI,25.0,0
RI,26.0,0
RI,30.0,0
RI,13.0,0
RI,11.0,0
RI,16.0,0
RI,18.0,0
RI,42.0,0
RI,10.0,0
RI,30.0,0
RI,31.0,0
RI,13.0,0
RI,22.0,0
RI,10.0,0
RI,25.0,0
RI,26.0,0
RI,30.0,0
RI,13.0,0
RI,11.0,0
RI,16.0,0
RI,18.0,0
RI,42.0,0
RI,11.0,0
RI,17.0,0
RI,32.0,0
RI,12.0,0
RI,13.0,0
RI,22.0,0
SC,10.0,0
SC,11.0,0
SC,14.0,0
SC,79.0,4
SC,94.0,4
SC,100.0,4
SC,122.0,4
SC,20.0,0
SC,29.0,0
SC,86.0,4
SC,11.0,0
SC,18.0,0
SC,10.0,0
SC,15.0,0
SC,13.0,0
SC,19.0,0
SC,28.0,0
SC,49.0,0
SC,98.0,4
SC,35.0,0
SC,50.0,0
SC,50.0,0
SC,20.0,0
SC,33.0,0
SC,12.0,0
SC,15.0,0
SC,33.0,0
SC,208.0,2
SC,67.0,0
SC,91.0,4
SC,11.0,0
SC,12.0,0
SC,17.0,0
SC,11.0,0
SC,25.0,0
SC,11.0,0
SC,28.0,0
SC,41.0,0
SC,17.0,0
SC,23.0,0
SC,17.0,0
SC,29.0,0
SC,85.0,4
SC,126.0,4
SC,31.0,0
SC,11.0,0
SC,33.0,0
SC,26.0,0
SC,113.0,4
SC,20.0,0
SC,79.0,4
SC,10.0,0
SC,11.0,0
SC,14.0,0
SC,79.0,4
SC,94.0,4
SC,100.0,4
SC,122.0,4
SC,20.0,0
SC,29.0,0
SC,86.0,4
SC,11.0,0
SC,18.0,0
SC,10.0,0
SC,15.0,0
SC,13.0,0
SC,19.0,0
SC,28.0,0
SC,49.0,0
SC,98.0,4
SC,35.0,0
SC,50.0,0
SC,50.0,0
SC,20.0,0
SC,33.0,0
SC,12.0,0
SC,15.0,0
SC,33.0,0
SC,208.0,2
SC,67.0,0
SC,91.0,4
SC,11.0,0
SC,12.0,0
SC,16.0,0
SC,30.0,0
SC,19.0,0
SC,42.0,0
SC,11.0,0
SC,21.0,0
SC,12.0,0
SC,31.0,0
SC,44.0,0
SC,26.0,0
SC,34.0,0
SC,13.0,0
SC,28.0,0
SC,17.0,0
SC,49.0,0
SC,11.0,0
SC,130.0,4
SC,37.0,0
SC,18.0,0
SC,55.0,0
SC,113.0,4
SC,20.0,0
SC,79.0,4
SD,11.0,0
SD,11.0,0
SD,20.0,0
SD,13.0,0
SD,10.0,0
SD,22.0,0
SD,37.0,0
SD,56.0,0
SD,22.0,0
SD,32.0,0
SD,12.0,0
SD,11.0,0
SD,11.0,0
SD,20.0,0
SD,13.0,0
SD,10.0,0
SD,22.0,0
SD,37.0,0
SD,56.0,0
SD,12.0,0
SD,33.0,0
SD,12.0,0
TN,11.0,0
TN,18.0,0
TN,139.0,4
TN,180.0,4
TN,24.0,0
TN,100.0,4
TN,16.0,0
TN,26.0,0
TN,72.0,4
TN,76.0,4
TN,16.0,0
TN,31.0,0
TN,12.0,0
TN,18.0,0
TN,112.0,4
TN,13.0,0
TN,29.0,0
TN,34.0,0
TN,62.0,0
TN,12.0,0
TN,53.0,0
TN,63.0,0
TN,71.0,4
TN,73.0,4
TN,17.0,0
TN,20.0,0
TN,47.0,0
TN,25.0,0
TN,25.0,0
TN,64.0,0
TN,105.0,4
TN,115.0,4
TN,273.0,2
TN,10.0,0
TN,19.0,0
TN,13.0,0
TN,29.0,0
TN,13.0,0
TN,34.0,0
TN,44.0,0
TN,18.0,0
TN,22.0,0
TN,15.0,0
TN,134.0,4
TN,44.0,0
TN,16.0,0
TN,184.0,4
TN,46.0,0
TN,10.0,0
TN,35.0,0
TN,21.0,0
TN,109.0,4
TN,146.0,4
TN,26.0,0
WV,28.0,0
WV,28.0,0
TN,11.0,0
TN,18.0,0
TN,139.0,4
TN,180.0,4
TN,24.0,0
TN,100.0,4
TN,16.0,0
TN,26.0,0
TN,72.0,4
TN,76.0,4
TN,16.0,0
TN,31.0,0
TN,12.0,0
TN,18.0,0
TN,112.0,4
TN,13.0,0
TN,29.0,0
TN,34.0,0
TN,62.0,0
TN,12.0,0
TN,53.0,0
TN,63.0,0
TN,71.0,4
TN,73.0,4
TN,17.0,0
TN,20.0,0
TN,47.0,0
TN,25.0,0
TN,25.0,0
TN,64.0,0
TN,105.0,4
TN,115.0,4
TN,273.0,2
TN,10.0,0
TN,18.0,0
TN,35.0,0
TN,23.0,0
TN,50.0,0
TN,14.0,0
TN,26.0,0
TN,13.0,0
TN,36.0,0
TN,47.0,0
TN,29.0,0
TN,36.0,0
TN,13.0,0
TN,27.0,0
TN,25.0,0
TN,77.0,4
TN,195.0,4
TN,20.0,0
TN,60.0,0
TN,18.0,0
TN,63.0,0
TN,109.0,4
TN,146.0,4
TN,26.0,0
TN,11.0,0
TX,25.0,0
TX,45.0,0
TX,56.0,0
TX,13.0,0
TX,223.0,2
TX,244.0,2
TX,254.0,2
TX,49.0,0
TX,139.0,4
TX,161.0,4
TX,326.0,2
TX,385.0,2
TX,614.0,1
TX,11.0,0
TX,14.0,0
TX,19.0,0
TX,23.0,0
TX,24.0,0
TX,28.0,0
TX,44.0,0
TX,80.0,4
TX,11.0,0
TX,18.0,0
TX,33.0,0
TX,103.0,4
TX,188.0,4
TX,316.0,2
TX,39.0,0
TX,73.0,4
TX,136.0,4
TX,216.0,2
TX,222.0,2
TX,247.0,2
TX,55.0,0
TX,26.0,0
TX,30.0,0
TX,59.0,0
TX,165.0,4
TX,57.0,0
TX,81.0,4
TX,352.0,2
TX,370.0,2
TX,853.0,1
TX,22.0,0
TX,33.0,0
TX,13.0,0
TX,34.0,0
TX,63.0,0
TX,13.0,0
TX,53.0,0
TX,98.0,4
TX,19.0,0
TX,39.0,0
TX,11.0,0
TX,23.0,0
TX,13.0,0
TX,144.0,4
TX,185.0,4
TX,56.0,0
TX,80.0,4
TX,10.0,0
TX,25.0,0
TX,24.0,0
TX,57.0,0
TX,126.0,4
TX,25.0,0
TX,403.0,2
TX,163.0,4
TX,51.0,0
TX,528.0,1
TX,109.0,4
TX,16.0,0
TX,41.0,0
TX,117.0,4
TX,16.0,0
TX,114.0,4
TX,490.0,1
TX,576.0,1
WV,73.0,4
TX,14.0,0
TX,25.0,0
TX,45.0,0
TX,56.0,0
TX,13.0,0
TX,223.0,2
TX,244.0,2
TX,254.0,2
TX,49.0,0
TX,139.0,4
TX,161.0,4
TX,326.0,2
TX,385.0,2
TX,614.0,1
TX,11.0,0
TX,14.0,0
TX,19.0,0
TX,23.0,0
TX,24.0,0
TX,28.0,0
TX,44.0,0
TX,80.0,4
TX,11.0,0
TX,18.0,0
TX,33.0,0
TX,103.0,4
TX,188.0,4
TX,316.0,2
TX,39.0,0
TX,73.0,4
TX,136.0,4
TX,216.0,2
TX,222.0,2
TX,247.0,2
TX,55.0,0
TX,26.0,0
TX,30.0,0
TX,59.0,0
TX,165.0,4
TX,57.0,0
TX,81.0,4
TX,352.0,2
TX,370.0,2
TX,853.0,1
TX,22.0,0
TX,33.0,0
TX,115.0,4
TX,24.0,0
TX,61.0,0
TX,171.0,4
TX,22.0,0
TX,93.0,4
TX,38.0,0
TX,76.0,4
TX,19.0,0
TX,39.0,0
TX,14.0,0
TX,156.0,4
TX,201.0,2
TX,11.0,0
TX,126.0,4
TX,87.0,4
TX,10.0,0
TX,25.0,0
TX,45.0,0
TX,103.0,4
TX,15.0,0
TX,232.0,2
TX,73.0,4
TX,209.0,2
TX,570.0,1
TX,68.0,4
TX,191.0,4
TX,29.0,0
TX,72.0,4
TX,43.0,0
TX,114.0,4
TX,490.0,1
TX,576.0,1
TX,15.0,0
TX,26.0,0
TX,10.0,0
TX,13.0,0
TX,14.0,0
UT,10.0,0
UT,11.0,0
UT,45.0,0
UT,49.0,0
UT,55.0,0
UT,11.0,0
UT,16.0,0
UT,24.0,0
UT,14.0,0
UT,13.0,0
UT,16.0,0
UT,32.0,0
UT,46.0,0
UT,46.0,0
UT,16.0,0
UT,18.0,0
UT,33.0,0
UT,29.0,0
UT,38.0,0
UT,69.0,4
UT,18.0,0
UT,23.0,0
UT,19.0,0
UT,35.0,0
UT,10.0,0
UT,11.0,0
UT,45.0,0
UT,49.0,0
UT,55.0,0
UT,11.0,0
UT,16.0,0
UT,24.0,0
UT,14.0,0
UT,13.0,0
UT,16.0,0
UT,32.0,0
UT,46.0,0
UT,46.0,0
UT,16.0,0
UT,18.0,0
UT,33.0,0
UT,29.0,0
UT,38.0,0
UT,69.0,4
UT,10.0,0
UT,24.0,0
UT,11.0,0
UT,19.0,0
UT,35.0,0
VT,12.0,0
VT,13.0,0
VT,11.0,0
VT,19.0,0
VT,28.0,0
VT,21.0,0
VT,34.0,0
VT,12.0,0
VT,13.0,0
VT,11.0,0
VT,19.0,0
VT,28.0,0
VT,12.0,0
VT,33.0,0
VA,15.0,0
VA,20.0,0
VA,132.0,4
VA,15.0,0
VA,90.0,4
VA,106.0,4
VA,17.0,0
VA,26.0,0
VA,63.0,0
VA,66.0,0
VA,18.0,0
VA,29.0,0
VA,18.0,0
VA,12.0,0
VA,21.0,0
VA,25.0,0
VA,43.0,0
VA,90.0,4
VA,14.0,0
VA,52.0,0
VA,66.0,0
VA,70.0,4
VA,75.0,4
VA,13.0,0
VA,17.0,0
VA,36.0,0
VA,32.0,0
VA,37.0,0
VA,79.0,4
VA,216.0,2
VA,73.0,4
VA,83.0,4
VA,11.0,0
VA,15.0,0
VA,29.0,0
VA,15.0,0
VA,34.0,0
VA,17.0,0
VA,34.0,0
VA,49.0,0
VA,17.0,0
VA,27.0,0
VA,22.0,0
VA,119.0,4
VA,33.0,0
VA,11.0,0
VA,150.0,4
VA,35.0,0
VA,11.0,0
VA,45.0,0
VA,34.0,0
VA,115.0,4
VA,157.0,4
VA,24.0,0
VA,15.0,0
VA,20.0,0
VA,132.0,4
VA,15.0,0
VA,90.0,4
VA,106.0,4
VA,17.0,0
VA,26.0,0
VA,63.0,0
VA,66.0,0
VA,18.0,0
VA,29.0,0
VA,18.0,0
VA,12.0,0
VA,21.0,0
VA,25.0,0
VA,43.0,0
VA,90.0,4
VA,14.0,0
VA,52.0,0
VA,66.0,0
VA,70.0,4
VA,75.0,4
VA,13.0,0
VA,17.0,0
VA,36.0,0
VA,32.0,0
VA,37.0,0
VA,79.0,4
VA,216.0,2
VA,73.0,4
VA,83.0,4
VA,11.0,0
VA,26.0,0
VA,52.0,0
VA,26.0,0
VA,61.0,0
VA,15.0,0
VA,33.0,0
VA,13.0,0
VA,37.0,0
VA,53.0,0
VA,28.0,0
VA,43.0,0
VA,18.0,0
VA,41.0,0
VA,19.0,0
VA,68.0,4
VA,14.0,0
VA,153.0,4
VA,44.0,0
VA,19.0,0
VA,78.0,4
VA,11.0,0
VA,115.0,4
VA,157.0,4
VA,24.0,0
WA,16.0,0
WA,23.0,0
WA,20.0,0
WA,94.0,4
WA,98.0,4
WA,14.0,0
WA,22.0,0
WA,46.0,0
WA,49.0,0
WA,82.0,4
WA,17.0,0
WA,27.0,0
WA,11.0,0
WA,11.0,0
WA,26.0,0
WA,42.0,0
WA,16.0,0
WA,57.0,0
WA,69.0,4
WA,70.0,4
WA,78.0,4
WA,23.0,0
WA,28.0,0
WA,15.0,0
WA,18.0,0
WA,41.0,0
WA,57.0,0
WA,154.0,4
WA,205.0,2
WA,409.0,2
WA,18.0,0
WA,28.0,0
WA,12.0,0
WA,30.0,0
WA,12.0,0
WA,31.0,0
WA,19.0,0
WA,34.0,0
WA,56.0,0
WA,17.0,0
WA,32.0,0
WA,21.0,0
WA,127.0,4
WA,27.0,0
WA,228.0,2
WA,27.0,0
WA,10.0,0
WA,40.0,0
WA,26.0,0
WA,39.0,0
WA,76.0,4
WA,16.0,0
WA,23.0,0
WA,20.0,0
WA,94.0,4
WA,98.0,4
WA,14.0,0
WA,22.0,0
WA,46.0,0
WA,49.0,0
WA,82.0,4
WA,17.0,0
WA,27.0,0
WA,11.0,0
WA,11.0,0
WA,26.0,0
WA,42.0,0
WA,16.0,0
WA,57.0,0
WA,69.0,4
WA,70.0,4
WA,78.0,4
WA,23.0,0
WA,28.0,0
WA,15.0,0
WA,18.0,0
WA,41.0,0
WA,57.0,0
WA,154.0,4
WA,205.0,2
WA,409.0,2
WA,18.0,0
WA,28.0,0
WA,21.0,0
WA,51.0,0
WA,21.0,0
WA,53.0,0
WA,14.0,0
WA,36.0,0
WA,10.0,0
WA,36.0,0
WA,60.0,0
WA,26.0,0
WA,49.0,0
WA,18.0,0
WA,36.0,0
WA,16.0,0
WA,73.0,4
WA,227.0,2
WA,34.0,0
WA,18.0,0
WA,69.0,4
WA,39.0,0
WA,76.0,4
WV,101.0,4
WV,63.0,0
WV,72.0,4
WV,15.0,0
WV,19.0,0
WV,27.0,0
WV,11.0,0
WV,13.0,0
WV,16.0,0
WV,18.0,0
WV,22.0,0
WV,25.0,0
WV,26.0,0
WV,17.0,0
WV,28.0,0
WV,28.0,0
WV,73.0,4
WV,10.0,0
WV,33.0,0
WV,28.0,0
WV,44.0,0
WV,67.0,0
WV,101.0,4
WV,63.0,0
WV,72.0,4
WV,15.0,0
WV,19.0,0
WV,27.0,0
WV,11.0,0
WV,13.0,0
WV,16.0,0
WV,18.0,0
WV,22.0,0
WV,25.0,0
WV,26.0,0
WV,15.0,0
WV,11.0,0
WV,19.0,0
WV,12.0,0
WV,32.0,0
WV,14.0,0
WV,44.0,0
WV,67.0,0
WI,18.0,0
WI,14.0,0
WI,77.0,4
WI,99.0,4
WI,20.0,0
WI,46.0,0
WI,50.0,0
WI,20.0,0
WI,33.0,0
WI,26.0,0
WI,47.0,0
WI,12.0,0
WI,34.0,0
WI,51.0,0
WI,52.0,0
WI,61.0,0
WI,26.0,0
WI,33.0,0
WI,76.0,4
WI,18.0,0
WI,26.0,0
WI,52.0,0
WI,108.0,4
WI,226.0,2
WI,76.0,4
WI,18.0,0
WI,11.0,0
WI,26.0,0
WI,11.0,0
WI,33.0,0
WI,19.0,0
WI,22.0,0
WI,47.0,0
WI,17.0,0
WI,26.0,0
WI,10.0,0
WI,11.0,0
WI,27.0,0
WI,146.0,4
WI,34.0,0
WI,177.0,4
WI,29.0,0
WI,41.0,0
WI,21.0,0
WI,46.0,0
WI,87.0,4
WI,18.0,0
WI,14.0,0
WI,77.0,4
WI,99.0,4
WI,20.0,0
WI,46.0,0
WI,50.0,0
WI,20.0,0
WI,33.0,0
WI,11.0,0
WI,26.0,0
WI,47.0,0
WI,12.0,0
WI,34.0,0
WI,51.0,0
WI,52.0,0
WI,61.0,0
WI,26.0,0
WI,33.0,0
WI,76.0,4
WI,18.0,0
WI,26.0,0
WI,52.0,0
WI,108.0,4
WI,226.0,2
WI,76.0,4
WI,18.0,0
WI,19.0,0
WI,45.0,0
WI,18.0,0
WI,56.0,0
WI,15.0,0
WI,35.0,0
WI,13.0,0
WI,24.0,0
WI,51.0,0
WI,25.0,0
WI,40.0,0
WI,10.0,0
WI,19.0,0
WI,48.0,0
WI,19.0,0
WI,84.0,4
WI,177.0,4
WI,37.0,0
WI,15.0,0
WI,69.0,4
WI,46.0,0
WI,87.0,4
WY,13.0,0
WY,12.0,0
WY,14.0,0
WY,24.0,0
WY,43.0,0
WY,11.0,0
WY,13.0,0
WY,12.0,0
WY,14.0,0
WY,24.0,0
WY,43.0,0
WY,11.0,0
